"","PWIDS01","PWIDS02","PWIDS03","PWIDS04","PWIDS05","PWIDS06","PWIDS07","PWIDS08","PWIDS10","PWIDS11","PWIDS12","PWIDS13","PWIDS14","PWIDS15"
"1",1.51132001328818,0.763243286540783,-0.659556739893913,3.05831772314166,1.77174997365865,2.87201033003106,0.261181367885068,2.21539343381571,2.60219058864558,0.486756648833791,-0.300063005188238,3.45721260709598,1.84074842900949,6.44284129361558
"2",1.1677850716031,0.645609324796495,-0.859988211332787,2.00456727158414,1.79259191750875,3.88538569073583,0.786395000731919,1.26078023039866,3.04200725837596,1.76783364364997,-0.331453511372952,4.11397108174399,0.959157916894904,5.73940359426595
"3",0.795488761949271,1.16003858871379,-0.907116354104865,2.01984924671411,2.17235443316392,3.01325047161763,1.98999696905744,0.249478511680913,2.26304299351261,1.72546776418512,-0.648416632668886,4.44641505825928,1.44577455801258,5.43023168121133
"4",1.10052633212885,1.74239678871811,-0.851254068055179,2.19541436019879,1.5325159917525,2.93455385992291,1.14216829745047,1.32350219896562,1.77477182483613,1.80265356864317,-1.16433501681132,2.94698583889743,2.76540062910457,5.67762030921182
"5",1.60112545167669,2.76964891119465,-0.784169899889689,2.3925522036576,1.79278690983041,4.06342973313653,1.23617749382908,1.90470656402675,1.96325436689533,1.87938524157182,-0.547064330693173,2.72584702920953,6.05911080216068,5.93865956772088
"6",1.49094736618229,2.66845851449928,-0.950690748820174,2.07351972574726,2.68921955166967,3.40310832653212,0.217588923984975,0.514772473852274,2.79867864685697,1.50456644191026,-0.309244855580545,2.28345306850976,2.60084636264121,5.54962947922558
"7",3.87952133402884,1.53200161435351,-0.623868883307189,1.50685258359099,2.48,2.88355047024645,1.3543468360123,2.26123152267538,1.733140493356,1.72072727242907,-0.226976814773566,3.11934441653595,5.86824774501554,5.16864169486579
"8",3.36937894984994,1.24907864551328,-0.0797748106820093,2.01822811679969,2.391861666077,1.79989725808182,0.938688695723855,1.14330044056202,2.65841728173997,0.991564614434413,0.11154641645673,3.03690052333745,4.24207289329294,6.15886478666933
"9",4.52635060986844,2.48232416099549,0,1.70406168610979,2.11997093956454,2.67258512777207,0.897701466549654,1.77829645214074,2.85118236122017,1.34899079637503,0.000907493342911258,2.67933167518918,3.11606480631713,6.70549352225478
"10",3.3750539457026,2.13085085411501,-0.00209343824971772,1.78026436217223,2.05429986759798,1.7177893428741,1.59302984095072,1.28385313014543,2.15256209871699,1.32841216266411,-0.896868771126814,3.02688082646587,3.34969889578643,5.32699202838746
"11",2.9520508525844,1.90879140808529,0,2.80811278651802,1.71284523175309,2.24691645319779,0.97732986239517,1.92752940001258,2.34014883934743,0.876207830177249,-1.68577262355045,3.30783625261555,0.621459756382681,5.45598721179688
"12",2.88179355250455,1.10024924967921,-0.321713123916931,1.11998186423348,1.83439799867053,2.47491073083219,-0.688600335997859,2.96373446535211,2.03235511298625,0.85001472713438,-0.872340929414365,3.64905015671766,-0.259779219332074,6.21344379134115
"13",1.35081457078659,1.61980887857603,-1.22159989893234,1.85567732883492,2.38854575995639,2.2740561423019,0.195165799518299,2.17734563358444,1.89543044592947,0.279689164989352,-0.308833677411978,3.24214137890057,1.64943458620967,6.19074413323996
"14",1.10953998987229,1.03290919954407,-1.35979286541269,3.18677156543537,1.65719433626877,2.47281457961577,0.0163885667923435,1.38264925957877,1.46896728679264,-0.142110741628997,-0.530489433552104,3.66170485079745,1.43623872169555,7.62972236257237
"15",2.05500275680867,0.888651760185943,-0.697066301072238,3.14992323672199,1.13163392617258,2.09146478993075,0.0853798412862753,2.09777824709725,4.22995939792562,0.449369178754061,-1.36709000830271,4.3559236988538,0.686351105778999,6.83931923464657
"16",1.47988954709747,0.653599784543694,-0.418204373237524,2.4280423801281,1.4224854828093,3.13614956411622,-0.30744357514959,1.68523227521355,3.33042788290069,0.636909612158414,-1.32886354099099,3.21481719114902,2.27629224549686,7.21942012645851
"17",2.72119591993967,0.780307411181139,-0.209937312854048,4.06189281558057,0.798381924518705,3.69404353028958,-0.707301614702007,0.25507131816868,2.90218061931458,3.06344730566864,-0.681292667552093,2.89071474789715,2.24230633883668,6.62208469057371
"18",2.43904868069846,1.00683737233286,0,2.95740357709262,1.82646719700977,3.45430711740973,0.440847938341961,1.11918435484091,2.20564227796664,3.43102233204227,-0.063254220318681,1.63995567664315,1.22863682121136,6.77187195025738
"19",1.73367722175671,-0.373692717343834,-0.4992776131931,3.15320793026144,3.00820271113298,2.64566953798441,1.46603075052598,0.675559144656703,1.55620839819492,2.30223236354966,-0.699160046269413,1.07387810305238,1.80139274025218,6.36975308087383
"20",1.29955452246822,-0.636301769687964,-0.617921981687342,3.80653182323552,1.34297627216587,1.87826275801863,1.383744512571,0.471189401416531,1.96549373728766,3.69492429407583,-1.3189943604217,1.28319623769751,1.56337426345059,5.9262541470339
"21",2.24972242308374,-0.25170161149523,-0.543232484946582,2.88248677082002,1.42942880127649,2.34063303741893,1.18440907542385,0.839756503454183,2.02340975178254,2.67581756894607,-1.26564205002601,2.53578821419963,2.29250617827276,7.26679079320962
"22",3.02977765592683,0.0297275201059445,-0.880708973448853,2.4453584345599,2.73998073020405,2.3763181462591,3.61070425814531,2.8760176212658,2.93101081211895,2.29580556516365,-0.998906021995536,4.63098069284278,4.53678586084822,6.66302074500621
"23",2.0781663032384,-0.0763842297647025,-1.09959545704189,2.68242800918256,2.45946048134812,3.24866406966101,2.60749998541312,0.575765503456033,1.96555413270533,2.60649698264264,-1.07560746186163,4.17908325692485,3.47343479579925,7.68167215408522
"24",1.14563749739931,0.280402313647069,-1.0680042343114,2.28548120810074,2.05988704889296,2.98999797173105,2.07529791194266,1.2106976501962,1.71811440659255,1.28339611438914,-0.549089720606118,4.42731855072129,3.61205171895925,8.696616351192
"25",2.86962478830001,1.26991879619591,-0.591597622242303,1.63160436247921,2.00093839075122,3.22223907245392,1.71239072392811,1.52247604349878,2.09858962693518,0.706848994868187,-0.370059966583443,5.06211644742451,1.82037725124757,8.03418505434686
"26",2.41548621218092,0,-0.739497027802879,1.40201650122782,0.931070694246887,3.67333059835899,2.60837234726007,1.21041757908812,0.257899463556222,2.64916644268695,-0.0780586352257579,4.67176239468322,1.37743557331318,8.30979749116183
"27",2.62615144295794,1.16688098990422,-1.25329836479696,2.76613116323293,2.4303812697927,4.63153588959555,2.21197014220197,2.1864152720113,-0.64689780998819,1.9986835924658,-0.0291532306881909,3.01675466200059,3.84830546145963,6.48975288068647
"28",3.16296494734638,0.887692829166341,-1.43999780675513,3.15593142779176,2.09015337430348,3.42269125929442,1.73875074743403,1.00505649293712,1.13680635636448,0.610193608882716,-0.481950020698559,2.47848925100736,2.77691385239428,6.74859559005803
"29",2.71370123843285,0.590190490956279,-1.07116830886427,2.97126241539624,2.1664140637701,2.81914989925619,0.969430582515548,3.5116851321489,2.72785166187621,1.0307518763168,-0.277002996456174,2.26910777419087,1.82822250567612,6.66963427966797
"30",2.5174058358726,0.865368381124973,-0.896175055241109,1.90487065149872,2.26671528942534,3.3496428575871,1.01470631107063,1.13286439957626,1.89906246469489,2.02557057876138,-0.415277680039742,3.43660620655381,1.12540039145528,6.91780200751169
"31",2.43493991819763,0.667604570177397,-0.809791513551386,1.57842590569755,2.20856416359294,2.94331125497351,0.956304755963035,0.922232827957968,3.16020224129245,2.71062204479343,-0.309932011877202,3.65874580941054,0.996473480987953,6.79403524467224
"32",2.92955374680823,0.28471565015306,-0.619206001454195,1.91790773868525,1.90667372922665,2.12634357329515,0.655790648631099,0.751646175735497,0.124942312388033,2.50057411397719,0.029160516176,3.3757909353345,2.44837151995073,7.20024420199347
"33",2.62054334523626,-0.710539619298212,-0.649520895666904,2.28815516481208,2.12123376905202,1.59146830065631,1.32851461006854,2.83397636319971,1.39583923991527,3.46622290762948,0.00795844279331278,3.02881864857227,4.49420324765194,5.8989127015177
"34",2.04862242751741,-0.459650006854602,-1.04148916471953,2.39955770909195,-1.59367522418997,2.56369807177057,1.89543044592947,1.19656098173986,2.60440502079033,3.08186798831418,-0.253363437214598,5.96821690270304,2.53136595989319,5.8392795336929
"35",0.769204573738797,-0.0438819696120114,-1.26527217511511,2.18553669498417,-0.178261735441782,2.77729401484737,2.13036659650114,0.333806494723531,1.73260853973034,1.81430191134246,-0.534479164690206,6.7098364820332,2.60569775437646,4.6289765729747
"36",1.64513257467847,-0.231699585974181,-1.67317451052016,1.38134174705734,1.55099316474981,2.59688557247241,2.31795963641697,1.0676412586503,0.779928094579967,0.894761965883199,-0.156369654544695,5.95846595156328,3.30573533994995,5.36763644884109
"37",1.88779863092341,-0.73233535574147,-1.53981001402176,1.70238588182984,2.00362677403186,1.66149119117677,2.70580412624678,0.795807638927536,0.186279350450333,1.77464321163005,-0.00792289643355191,4.50956038328196,4.72483838130658,6.41273208855327
"38",1.42864516989285,-0.952870331428993,-1.5511519454168,2.00723430850241,1.71431185875741,2.03898893132166,2.0199507740249,0.881916423081491,0.898086900579345,1.89665567305515,-0.324833410756723,5.06211644742451,5.56140277316338,5.42740247686569
"39",3.04814202240824,-0.0927465928375853,-0.812606223766166,3.44780248484062,1.97003153591184,2.50965206399781,1.5268742053277,1.28789662451749,1.17844480431424,2.07904968120477,-1.09003040245439,4.65112528084207,6.45566142381012,5.04536150167441
"40",2.92683346039701,0.279694522197824,-0.515669004439207,2.08244897154482,2.10988430736123,2.43675277224614,0.923362894306529,2.09650751890633,1.23877885452326,1.5384817862547,-1.01513194798147,3.00154756884126,3.26820220612955,4.81077102440307
"41",1.56011570458132,0.722531790073921,-0.278934515465689,1.17630772530233,3.38966955639154,2.12624586959386,0.881708526089364,1.8872371823925,2.91038787674056,1.34909333160119,-0.662466775301494,3.28617602669803,3.82935023117723,7.4772005643685
"42",2.4933340377287,1.62938498567837,-0.309388285812764,1.83622783679555,0.749554376850464,2.66858185680053,0.462870342379141,1.74273575685467,2.04685675213567,2.3086877978713,-1.46775038104629,4.1640938380235,3.80252199895743,7.53426291795495
"43",2.36057152995213,0.767993554250919,-0.318675876427243,2.01532224324792,1.47588860224812,2.08260278774297,-0.104743547624483,1.9734049872032,0.938861948681337,1.7862689567072,-0.259794151091698,3.60859251529568,3.58147909997909,7.30509055852198
"44",1.20983881810737,1.54141810633327,-0.174467749525987,3.59673882946474,0.699575479359547,2.14937631477527,0.743148999114744,1.12274040818792,0.672545407910316,2.67892118529952,-0.26915051096468,3.46472312333377,3.20675033458795,7.91763525996311
"45",1.26304280711771,1.69273198691379,0.263480180970108,4.14153777274881,0.685159093231951,2.01753216364727,1.38608733559991,0.866589019556086,0.682082484979349,2.65326340268037,-0.582365117581127,2.71454258748365,2.06444418257963,7.39981966721992
"46",2.21980236736123,1.36391929323141,-0.868087277414083,3.01458384891935,1.20027180317504,1.99249578566762,1.12811179947077,1.39678475888932,1.75023199379791,0.769643550977742,-0.595555982157959,2.42493650060893,0.49156023242795,6.88928879505331
"47",2.06156616205841,-0.00698122839869912,-0.304152181803736,2.28285203656205,1.06250975658679,2.28071919861634,0.84570216438057,1.56830307314447,1.05685706957335,0.567427372634035,-0.177839289160374,2.69072513630687,0.298871536784875,6.72114171274593
"48",3.78166756482687,-0.178617213206919,0.66107144796493,2.14829179021473,2.72321919388618,2.11793611479634,0.511963330273176,0.259494082328146,0.740915028011897,0.981627336417222,-0.320696091922734,2.70577447093317,0.827376806126132,6.90467290260298
"49",3.11678817774703,-0.498688502293837,-0.59479077203695,1.87025858131619,3.03792387649118,3.28661317461145,0.493043138817021,0.947985218923645,1.72058071812117,0.147345076567228,0.375708719120518,3.46545119351002,0.215732966943617,6.8003877922167
"50",1.75527347991505,-0.224825694055057,-0.562115085525104,2.48094801353558,1.93088849528923,3.77826554755414,0.78269079397244,1.46914904311967,2.46128807630081,1.07978260180411,0.195143863655493,2.61078279316118,2.66950098362723,5.0374093082803
"51",2.0483361649144,0.142294257045733,-0.876516137561477,2.13723444947116,1.94656766445134,3.53917743174144,1.21839285909448,0.356050597686737,2.96049315633083,2.5120411448317,-0.349786744176014,2.64162140760146,3.45497692775546,7.45907967831319
"52",1.98199643938096,0.333885929980745,-1.18485960085234,2.17405591901962,2.01601399142511,3.74331237165157,1.18864442723737,1.01632278776065,2.94090613451273,1.9704886856297,-1.40639150393263,1.94959197501,4.18965049302876,7.22871113267754
"53",2.56122806647635,-0.00733024888137195,-0.833354550058737,1.0283240432412,2.48857353648335,3.66081414827126,0.131137724508895,0.973740921175868,2.26999654259316,2.55358686732832,-1.27656253084731,3.00207542937687,3.0375497662617,6.69070763766403
"54",1.93893341892701,-1.03412488951587,-0.921313636455858,2.02165266749561,3.19368553097047,2.48675549838493,0.305719121668684,1.75688201861929,1.04491139120745,2.72515386544839,-0.498666807545739,3.35995394195135,2.06360367388679,6.4661049165168
"55",2.44886880759331,-0.715429843411735,0.462798568574373,2.76673217194949,1.69012228445863,3.31800751794478,-0.0893950787259725,1.63479191454268,0.251344204217116,2.10927098641954,-0.278817348511093,3.6972727907193,0.264532041598402,6.750177829113
"56",3.18998056542835,-0.748297534774335,1.08405946470348,2.11989147970159,1.44544783307067,3.36974849575572,0.385418092602071,1.95974222855701,0.395265898181145,1.09547324538151,-0.299366533414508,4.98829714232306,5.88393665606731,6.59974869222353
"57",1.12539846425274,-0.454573938574781,-0.0410749557236455,2.59841615024965,1.01413425114345,2.70258497450333,0.317304656405092,1.35397814717693,1.02624888830804,1.89409711546981,-0.277852942607937,5.47150978218851,5.24500316330475,6.22795323726821
"58",0.953320360645209,-0.028845005198018,-0.0102022935997871,2.41741886330945,0.211528645252625,3.01782140763172,-0.167754602716476,1.59847500728789,1.85236761021053,1.46212606934845,-0.073585719785739,3.76106845007101,3.37254409406414,5.27818731266464
"59",1.86102751638555,0.671974364056852,0.429571113137797,1.24675954109591,-0.844090330977517,2.68009912370383,0.355718681282824,1.64942474568756,0.29617722006756,1.16771735731921,-0.153331611914421,3.19544552355006,2.58601778139725,5.3320100194765
"60",2.03254440422945,0.905571692839129,-0.0537698124346122,2.58516912791264,0.58812533360764,3.08041636294441,0.510453714448146,1.71788774076719,-0.0935991701112133,0.998528710391993,-0.174092439748931,3.48959809978818,2.85766352965309,4.57794204424764
"61",2.29492282523157,1.43150684652949,-0.587866698273396,2.40161718202226,2.01211862517413,3.15425110108433,0.802117135680672,0.487477373620589,-0.55340789361007,1.54614817222917,-0.79800036232299,3.29975371987949,4.63319633089249,5.23904541096712
"62",2.42490242716134,1.2279480210468,-0.0827982540123331,2.74473182554697,1.6481043625687,2.41284917120311,1.10785226053558,1.23903814386078,1.41840165802046,0.297939515655507,-0.865808243898562,3.1499652254849,4.50421633542546,6.76637787573634
"63",2.6699837334463,1.14029001281727,-0.110447948348124,3.23817658478494,1.78095718740546,1.80777732524941,1.14003250993381,1.33428847569101,2.87980071637756,0.799410333128497,-0.577458164400139,2.34866168955387,3.60290817846475,7.0372588819011
"64",2.04094055137117,1.02593711630897,-0.230963272991476,2.79128312396022,2.74623122057508,2.01807740759535,0.804990962550712,1.39629830123546,3.33631021801352,1.11391084752938,-0.802769003403212,3.29485452180054,2.24868545207486,6.10991624563178
"65",2.61296393032808,0.39352611248791,-0.460592702782861,1.31235575112297,3.1282791758977,1.37929486078793,1.48014397342498,1.44226866675291,3.28683982715843,0.700050146248728,-0.674480156582503,3.02186286599011,2.68045436319035,6.0955300794468
"66",1.65173107036025,0.840355468871489,-1.03139187284787,0.249036584521563,2.51875653212164,2.15904929785787,2.8499826368247,3.00493754066095,2.80916118628512,0.91913115591966,-0.327176804253357,3.46397877031778,1.28590764213693,5.90067952987007
"67",2.13185665391634,0.312679985914743,-0.672334561570011,1.09150582389474,2.70286932100247,2.22381793424517,2.75684583142499,0.824598998013679,2.17320694396922,1.20995392690765,-0.0523458663348972,4.58622804714813,1.70076772843013,4.99597197557223
"68",2.59811353771897,0.230081336027933,-0.398749068925246,2.91728570439546,1.34185679942915,2.7450234632101,1.449436058532,1.32163229284793,2.90518287138601,1.2685901412017,0.0548517512470433,3.07256864286809,4.00520298789235,5.63989733204329
"69",2.98995901381981,0.382062103752449,-0.208910927698717,2.1013160810797,1.04265583255852,2.13416172010107,1.3189943604217,2.2962258565428,2.8559424837354,0.640263821725432,-0.0181992254175309,5.05728074539383,3.15680310697663,6.05630841173572
"70",3.21215624183663,-0.0563460583424026,0.0647834836396299,1.58746589489864,1.37417502160885,2.29103329828213,1.25907127467738,1.49658176230609,3.24578585368417,0.179612195756677,-0.12794799156507,4.66599052440702,1.76821939839572,5.25651787765025
"71",2.48473610871346,-0.174758779598536,1.55914233686914,1.30990109084482,0.498726519634717,2.2872501552851,0.988093393776259,0.984574416142971,2.85188951146971,0.556300189198084,-0.546519820850846,3.60545444618744,1.1927738577278,4.66344495798473
"72",1.19833121053189,0.0285860403017046,0.79884418110896,2.16363210603496,1.26692769006577,2.4753638718363,1.1708402365605,0.398091734673938,2.60507609684944,1.75005130628877,-0.552894352969489,3.88003476443227,2.3365033135083,6.15996247117199
"73",2.43360993908895,0.141897034684426,-0.274475928894082,3.09083598183978,1.70820920104241,2.84039383544435,1.50510053938884,1.23505418360813,3.3030084938248,1.94339273642075,-0.121687739646066,3.17808964920174,1.56078722168179,8.07738578223223
"74",1.47847644329026,0.424990898672485,-0.835766671429361,2.77761788124259,1.74301660290674,3.23476043535471,3.01041492897437,1.49933292549874,4.23663275715834,2.91608970144157,-0.527199843844764,2.74559785092953,1.65022699655659,7.24318786434649
"75",0.225679831721756,0.882339463348351,-1.17935125481127,2.37605677851974,2.17627002879473,2.74265016216646,3.2598758691892,0.0632976606680602,3.2263240455209,3.47088982370076,-0.979516429158417,4.79883110080943,2.80015228313899,7.03724356462267
"76",1.85073111207514,0.911780201783966,-1.31414179327607,2.29463830099907,2.55649160897171,1.90873886901303,2.51215165310778,1.29582710441521,1.83472351244485,2.65746572466132,-0.51839329326429,3.28532776193278,2.03692913020127,6.90767762770179
"77",1.84486644971371,0.850007805269434,-1.27267808847299,2.81675178383402,2.25165373832146,2.16407131039368,2.3274315262354,0.36253032079112,1.59670765684693,2.85809104589724,-0.25906251687971,3.96441292448482,2.74245275718154,5.93868171353492
"78",2.86859826838302,0.0651210494541112,-1.4574239462195,1.9789456520311,2.8943493775345,2.81858600292875,2.11640528668798,0.832625288305012,2.31834994670318,2.57788772531121,-0.398169990756861,3.78994768332948,4.21868653827888,5.08104072413196
"79",2.727987761801,0.808298703578679,-1.1891798396578,2.06234753694366,2.37818281220733,2.64588883332981,1.37392895579997,0.723916023519938,1.38128462388822,3.76919888184211,-0.172837543962063,3.37508864377435,1.80018819331482,5.2637104486326
"80",2.69411610579058,-0.307244236240978,-0.629689133030411,2.62563897769489,3.01041492897437,2.35315337028852,0.923069175782354,1.51067093923776,1.3746042251918,2.93261360779547,-0.00577857624383505,3.17978074765606,1.18883204614525,5.54133192194351
"81",1.61063144945148,0.215131683263772,-0.189819162100553,2.64064096507814,2.2297248904341,2.17490967995455,-0.0574891035764037,2.13575144604085,2.37976800714214,2.57024830358514,0.218117869502238,3.50794516793643,0.643818390106684,5.24784101295556
"82",0.961288198200727,0.254564364820959,-1.02668224480993,1.93541834096394,1.2823801514735,2.13740009598398,0.256358969638331,2.15295687001849,1.27230842598303,1.48024657816541,0.306012242172626,5.4543793110573,4.01060215882728,4.55006678072327
"83",1.98413497693157,0.329624367942435,-2.15273675552696,1.88873066424166,1.82486939909056,2.84468964974112,0.35077315724478,0.943428965175881,1.72319586889909,1.19015214361395,0.102258119993688,4.41509324733191,3.36654668019756,4.67223444348117
"84",1.70577314413197,-0.610478424816173,-1.1964633026723,2.13482247949651,1.39497435403999,3.80410919610146,0.236255392806612,0.291599526021965,2.14802491871645,2.01044614903714,-0.469952858523345,4.04895756775693,2.57733407796986,7.04381595219695
"85",1.66483476120157,-0.650924226147766,-0.606629323908455,2.49763556231575,0.805265795640688,3.75048625701077,1.96743145390368,-0.583690613506357,1.34332271189061,2.61331929930866,-0.269053071997366,3.38429528595471,3.98993628473855,6.32935547009279
"86",1.43789280526974,0.427974932949313,-0.759753477314907,2.97230382151119,0.509013840218854,2.39228246676247,1.46450674307997,2.39324090629133,0.0940771353405863,2.87416827761431,-0.448234687021113,3.63820387973126,2.77971898620034,7.79957232105099
"87",1.31826430677156,1.5949696457159,-0.733270541344519,2.37605677851974,1.34917496835976,2.68467875173176,1.65646371912535,1.7997915853502,0.01225019604047,2.00940175754826,-0.622984542456209,2.17012875505914,4.01807388902217,6.34764761740375
"88",1.53724918788109,1.06179517353747,-1.44925337975336,1.95080898399275,2.45726900868317,3.67783497875911,1.2613403754186,1.76817800964465,-0.343102760530873,2.03955259428868,-0.979461211622922,2.62509451984951,3.84594134115945,7.73429497301821
"89",2.84799266173135,0.607489483155742,-2.05874510365934,1.57785611450212,2.87855867903712,3.88740241148734,1.6232985475292,1.2587029179363,-0.0275240370042498,2.47085073065187,-0.304437569520561,2.49559956980941,1.5034897274914,7.24998895762134
"90",2.81860850023136,-0.684898861061196,-1.29306036804118,0.647123126585664,1.75331317343145,2.91143293992892,-0.486430896031531,0.783798164479122,-0.171100465446738,1.67265286499892,-0.283312911071244,4.33795705105442,1.82997491481279,6.53415614092928
"91",2.94051505917512,-1.2743464430579,-1.18260669853443,2.21504315385676,1.37250127870384,1.61644589685418,0.397738298157157,1.00269315598563,-0.0610328870192799,0.845961830745979,-0.687558102935202,3.59231396908773,2.45931024008564,5.206275337193
"92",2.39648800878291,0.00301941807300378,-0.78091017057886,1.89276992637432,2.22045407823979,0.974601366081024,0.930400553814857,1.99658877511823,0.581754689368876,0.88015972035645,-0.557869030931378,3.45639201854763,2.44353973571524,3.94364272442729
"93",2.01231329014533,-0.0764104961146982,-0.720812078928165,1.27806471420816,1.68417657642806,2.9446301987473,0.513839142264211,0.859636429235222,0.317538743558208,0.835666144223285,-0.175920588827663,3.89629825607597,1.53996473095991,4.84151974241465
"94",1.97508562040923,0.0948127846824778,-0.235688960862849,1.40583359395751,2.02298949645451,2.53482767682186,1.24105264865805,2.23846643391176,1.52044595608234,1.36732782401187,0.258413655609472,3.73331733634926,2.3446526928662,6.13854703708193
"95",2.18497542898467,-1.1535482993022,-0.425964659907225,1.00141004453127,2.19966492934406,4.07352698967414,1.18411612825386,0.383118713386556,1.55988357667031,1.1615829353921,-0.536754219066311,2.70323106396628,0.236265842641062,6.98839050946923
"96",0.974516261326885,-0.884285108643112,-0.826475684826448,0.946607309763287,2.26973600179304,3.25772507439352,0.62929596624577,1.40010496300441,1.77125116243346,0.781265038366949,-0.807503040323834,3.87489558100304,1.42476718227925,5.35584154432133
"97",1.3481221012458,0.133796432982596,-0.509888148572171,0.375115520047859,2.66973973910484,1.99672749014729,0.855464158465005,1.41002723644668,1.23285700192154,1.51648010383012,-0.461082622083076,4.00262127550463,1.47803480057763,4.35957500468057
"98",1.56352619065451,-0.244717036759892,-0.377557305157103,1.57029511836871,1.62492168657391,2.72187011363797,0.341655610157566,1.10472506294191,2.66964627387944,0.700935605532061,-0.252140113396389,3.99705166564249,2.08372176202415,4.76857647660773
"99",2.40347297188314,-0.494260094141505,-0.556829248714595,1.91481380712328,2.92879593054799,2.93733553620344,-0.30772818244715,1.72892976509643,2.99473235151051,0.55225552795882,-0.378960484387947,2.84947477954669,4.44467386188886,6.89144303762101
"100",2.85211392799091,0.289031796944471,-0.37220550327711,2.76358545237463,1.76985883361512,2.7205383845498,0.953064828962214,-0.0881111624779787,2.46353685892787,0.627570366796426,-0.849781217924294,3.74436789126599,0.546109093078152,6.60981468048818
"101",2.06842374911069,0.00977360066819779,-0.986629094254009,3.41834113556209,3.47258124993614,2.02318599178146,1.05882326745969,0.852237173236997,1.55072950763904,-0.0344758709782326,-0.434216515218995,3.10462130264139,3.2330524582584,5.53613192912841
"102",0.958934279963491,-0.333826870313945,-1.70235778686644,1.57775092078027,2.96836714134702,2.70459231360939,1.38879213108768,0.0115540561843911,1.74819849713375,1.53459698804362,-0.473884205004793,3.50764266216308,2.81036946648447,5.87653638094021
"103",1.58242538137907,-0.934578551145032,-0.801245267428352,1.55504821646702,2.3292176624202,2.03919252083246,0.402104983977811,0.733690318800779,2.19692059567569,3.09303056532324,-0.193736122176045,3.95782285512936,2.97492258253484,4.84303565288604
"104",2.12240200826349,-1.30580398461628,-0.66211301556919,1.85936262445454,-0.113834115172605,2.2583249077139,0.638741011104026,1.36728945875897,1.9062255898923,1.65243921328814,-0.526995051446923,2.80042537074531,1.9391461286316,5.68303756026341
"105",2.35453489805203,0.453123921922001,-0.795386557284119,2.22272356505265,0.485876127297224,1.80143100980253,-0.0530746961112268,1.49100725864233,1.62259917078392,0.811005070491136,-1.16498447189992,2.59267861639682,2.06016033735267,4.70941893898862
"106",2.29575107257418,-0.5140677739141,-0.986671012949856,1.76710806863441,0.579636301915951,2.40161169971659,0.669935265162395,0.607136600883683,0.430836477425554,2.93246707786331,-0.508917903705194,2.98348679019192,1.31042869979038,5.29882463797244
"107",2.1095178083178,-0.287121597466614,-1.32805377153386,2.21145243803771,2.88377332803627,1.85112803893556,-0.374589067098322,2.79283419220664,0.775330710576152,2.32589142121999,-0.49627400436948,2.64354473318853,2.48779815855547,5.84541225878152
"108",1.7956868419673,0.458542957444658,-0.959292399754196,2.66980073699341,2.13617413768341,1.82396788534823,0.057527182368683,0.561629241837013,1.7575237106896,2.62054334523626,-0.275131583032212,2.6045505066424,-1.00926810823445,5.76968561609323
"109",3.02584749030636,-0.359921686950184,-0.51072414020057,1.67818284218792,2.63106570958297,2.28588509390882,0.170487586470562,0.703220571628868,2.26752265317968,2.38271457637643,-0.208978534216916,1.76841281698709,0.616568215360444,6.22976278068979
"110",3.24239407617383,1.43630311565265,-0.16564291101349,2.81346500470727,1.97956575328019,2.98486440568755,0.444038028276058,1.03036913300593,0.482395190033723,1.89104677034053,-0.12769937222348,2.34457542912228,0.986509144576711,5.35360089615009
"111",1.70757906979557,1.2078288624142,-0.0547520627640807,1.27015924676584,2.99671806598661,3.37701273026652,0.00174532570761195,-0.44367223109616,2.43360993908895,2.27907011110691,0.20026642158011,3.7220936474796,-0.809554674912823,5.63507840514862
"112",1.86517563847122,0.277882393412444,-0.0833590044550797,0.155083948333627,2.04755956823767,3.24758171689356,0.150286738917724,-0.678296658218502,1.55075621531436,2.80479781960532,0.609349489625253,2.49234641435079,0.671318188675515,5.4965880883376
"113",1.66908186062273,-0.0299983550809654,-0.0248711271766512,0.216337867867955,2.83713686317017,3.87190492163739,0.819021032619976,1.18428120347883,1.26387718255506,3.09877404865283,0.606731095337464,2.66533517578585,0.229635260173826,6.78073230818641
"114",1.23175987310436,0.413092684849883,-0.523949005087536,1.22257261510776,2.48761557765342,1.45296108176855,0.555739925591131,1.22262547585373,0.968958614941919,2.22586274916672,0.0784170384068867,3.65511914823569,1.62669845972802,6.46017069006887
"115",1.63979977740643,0.122989279262544,-0.177487081606076,2.51541920585553,1.85973555089737,1.87840769234266,0.168261959254324,0.631033255612459,0.739868327775252,0.862526350851076,-0.55044379552375,4.17820570947024,3.22992128717843,6.29830728374898
"116",2.92629535012435,0.725618207622126,0.201077921145965,1.42335941599911,0.961617687688123,2.2930221062129,1.00485388686871,0.156725266523345,1.7728967627605,1.025567159046,-0.619984891037345,6.23030452376896,4.1085349664709,6.73603448285884
"117",2.45459524147618,0.829360701225041,-0.0306068807993613,1.29529360574009,0.69210842107559,1.86477369384162,1.53366197386859,1.44713907777233,1.18011072209278,0.961518283959258,-0.305849644844761,5.06741039982968,3.20710257697502,6.25755932015262
"118",1.28349351866487,0.44307119082418,0.0112388019502202,1.79212305010044,-0.225460423555306,3.06202931693124,2.05065737242975,2.02462139210331,0.444810964481125,1.99716179990907,-0.131020347992961,4.74840487923676,2.75694465758509,5.94238017524591
"119",1.58907303926158,-0.982777495167499,0.335453215168728,1.00203584832762,0.952331680347042,4.28615243117637,0.160419666950071,2.37947687630477,0.5971946428162,1.81401570303644,-0.247729334216204,3.56646193610683,0.911125568801857,5.37976077375994
"120",1.65090634631133,0.140744742268009,0.187913014038764,1.92535394122979,-0.172834299520793,3.81903219343346,0.0980246082674576,1.12195641213096,0.502262656633973,2.01142723917516,-0.298520483461976,3.22585573633309,0.823416071951607,5.58876214621016
"121",1.36824342520238,0.167115525997606,0.0264524746129461,2.59662868294734,-0.243847396743784,3.21281435815127,0.6836954970626,2.45915701943987,1.36308045716762,2.94293184769721,-0.87385608258896,3.63329491442086,3.28433105311898,6.11861107190367
"122",3.30777698340735,0.015881689857928,-0.3485612575313,2.30704171509547,0.927794863744996,3.24204593411493,1.95868365180617,1.72956402664383,2.40571761530859,2.3802988496536,-0.548587072449352,5.59323904673784,5.67097545813307,5.42397206433896
"123",2.13768723775586,-0.012701636676191,-0.96,2.49608384736054,3.10362124563477,3.06117703357583,1.1083799765826,1.45411597528873,2.26858760111892,1.3938116059365,-0.602470556973808,3.21940659303169,5.22525009967161,4.20680768958981
"124",1.38989626382803,-0.248002801558104,-1.17636245380509,2.58922685853326,1.52189531018928,2.80831273419739,1.21596422595156,1.10131922187371,2.87745570774011,2.26743880381192,-0.167760042643196,3.3985334890495,4.31118950312377,2.77559826841496
"125",2.79641420011572,-0.788193422174416,-1.02877032146168,2.20117964473373,1.01252205898809,2.83044916235654,2.08864012213862,0.563602889138945,1.19215232588131,1.89367286372008,-0.040648550429435,3.92146155221662,5.50946290729127,3.27310267435813
"126",2.36534646417235,-0.561595116102928,-0.557231119178287,1.73820879143584,1.58642105055215,2.25659919029584,0.962087111106553,1.75116680739547,1.76289650077508,1.80121308943221,-0.60676274578121,3.51997855495542,5.00938192873312,4.13526874713749
"127",1.73586265870553,-1.23966170881333,-0.0398538118476363,1.74559702233277,1.2586424910617,2.54288906743371,1.63059683620962,1.97902298952415,3.13207955814418,1.78040609202463,-1.03339136360095,3.10685279787972,3.71125793529218,4.83535774226048
"128",1.41285538890368,-0.688390782809357,0,1.69842903027127,0.647693964391669,2.46750183284359,1.06293125660678,1.85204793862332,2.85265575078048,2.10150344027741,-0.76920733873885,3.08978028400033,2.28807686008049,4.79016039388576
"129",1.97158820253817,-0.81099364127975,-0.719785072642452,3.13250777907845,0.653410358340142,3.02478425867014,0.551844155015521,1.73472645106872,2.5827610654221,2.77832492762223,-0.796743371481683,3.09214566787976,1.73262483127212,7.36515028858529
"130",1.69537071294922,-0.699110539907944,-0.599766069024213,3.2034572258324,2.85580948578872,3.52417776262649,-0.0796209772542315,1.21596478547966,2.02586317921608,3.86660535248258,-0.690810965545861,3.52878107361831,3.76021559278758,7.73661035817818
"131",1.63900095631132,-0.75025386985043,-0.229411380074117,3.21050986217068,1.34708299899456,3.17908443894376,-0.0857337402915497,-1.05224721981155,2.14373436043908,3.02651762207179,-0.0222323853802483,3.06644767528927,3.74135415283144,7.19854149874953
"132",2.51986182680109,-1.15744357361224,-0.13986675102146,3.22069539907322,1.7474113413611,1.58220554156486,-0.177797715205223,1.29178520265718,1.95120423258473,1.65302886467605,-0.42410280866101,3.88154514419456,5.20479177636903,6.0523511792992
"133",1.82266314521999,0.0202451614917606,-0.0185933709538542,1.651633503996,2.35512487737554,2.43241685804283,1.87734773801636,0.571167913209125,3.22228382804101,1.69680791145203,-1.09889243824671,4.25976642149708,4.3729443028808,5.74395028554323
"134",2.35828170080811,-0.5563627494714,-0.286737904439499,2.58037796091529,1.63626502514366,2.58953544660878,1.77261008641649,1.39987300028437,4.15346880036534,1.50395837572779,-0.406875530804045,4.29358774484314,3.10552891968816,5.65100055152343
"135",2.28948781594662,-1.45123986456882,-0.847323490330834,4.33444201017937,0.817423109771755,1.64297145896307,0.126586396409251,0.3846603631896,3.77765038567706,1.41413376517709,-0.406776242465955,4.9887747317004,3.10127414196577,6.04424174057024
"136",2.43280871543369,-1.30002961095596,-1.83824872771062,4.09296175780353,1.78883883576153,2.61760107821413,-0.970102349888927,1.52153872366971,3.57561303348428,1.75920930490292,-0.697554703408212,4.39024611915101,1.94454364826301,5.61106348859738
"137",2.1166944200658,0.519287358072378,-2.34139069510217,3.2298228970506,1.66065729198937,3.46082922704297,1.58954303135154,1.85741436678352,3.40868132248282,2.42392864253808,-1.11995735383187,4.89415007297303,4.64226729310753,7.59947625332399
"138",2.16128178709785,1.94539045721699,-1.18918849687811,3.31583520712687,0.768234948541554,3.84486713682145,-0.196672699029183,1.81420487881281,4.18854475992638,1.43053063139348,-0.860039622284333,3.16691238759879,3.81204864621962,7.64486949068492
"139",1.79108526987308,1.81438954739429,-0.235,4.63159095416008,1.022674765643,2.64682982383167,0.213215564825813,1.70673870776783,3.56701673974212,1.1618258917343,-1.29387172617963,2.85638817822642,3.27905770486681,7.09767197176192
"140",2.54580255429735,1.14274948595556,-0.498352707315522,3.91189352122288,0.300892200643334,2.31089256152731,-0.186049403902882,1.83946225110281,2.91740765545777,2.25165373832146,-0.55310729581948,3.23214862940978,1.9225066556652,6.48027664033268
"141",2.99532229254594,0.75598153266321,-0.386184179147339,3.01804800616389,2.39692645724205,2.78904979769271,0.511227620467061,1.44751059900614,3.69073352988466,2.06528177901805,0.0498418232193698,4.025670149205,2.08034838952175,7.88274886949441
"142",2.11375183472107,1.34184728986449,-0.81242406257858,1.91942725806077,1.58281383058513,2.99186570141195,0.724328578533098,1.34947911843182,2.70774576516355,2.46689160009598,-0.223645081691466,3.92882685484005,4.01485974879618,7.50755852401795
"143",3.01074799661474,-0.595134431753008,-1.04616256100045,2.45639820936188,2.51323248260563,2.86423621921122,0.722702068144593,0.36019323384802,1.08830043295836,2.51874569710987,-0.160748038493699,4.6130787213639,4.24567587645751,7.4117063241529
"144",3.43850970267363,-0.177603953639766,-0.59928368240486,3.62526463545221,0.767692412107765,2.16032781172124,0.690889054174291,1.78393453734539,1.55290892255133,0.889690664365696,0.0952675940875685,3.64118835096906,2.11860669129167,7.14797080871355
"145",1.9569765822991,-0.680932422014626,-0.109581416790092,4.37997331554112,2.13762433241862,1.80564019533762,0.0546668308079151,0.236375148314056,0.383143770726646,0.798559949010152,-0.076295548596753,3.64657355850737,1.39767702795147,6.60186860453406
"146",0.777478130471248,0.441553294581845,0,3.13961262599241,3.46013576187683,1.78526496278063,-0.10396186192399,1.81085675934408,1.40583359395751,1.56147254192526,-0.244414729163085,4.99283806166,2.29592350171492,5.79041429302367
"147",1.79427481192224,0.959538267496288,-0.185460167164549,2.16915394963757,2.96661455530935,2.85389249264358,0.180698532379441,1.28465244523724,1.77727436667624,2.40047732539362,-0.349956821368581,4.18044061322275,5.66371726718907,4.60467546316867
"148",1.71924295940534,0.17454288270861,-0.651839663639853,2.95777666388943,2.07373817088795,2.59237100151861,-0.0487361325797198,0.423182863608845,2.86625908516103,2.145601346872,-0.108040921463295,2.92824610557045,5.66833581345884,4.83812507398542
"149",1.5006466892632,0.948860441356381,-0.778858602854445,2.88900966917936,1.18626959498125,2.71949873697087,0.737768429453411,1.42716600009481,1.83977300376626,2.86,-0.826115112991906,3.48664849180752,3.89264728159804,5.96093697964342
"150",0.712515344021959,0.213873302961775,-0.717288723203254,3.31900526557934,0.38151778324374,2.89633177236289,-0.0555541709767198,0.649607403460814,0.866811828967394,2.23454347258201,0.205113431809199,3.50216901276562,2.87596483022194,6.97189232925134
"151",0.399652089618401,-0.264425383666495,-0.707066882588546,3.98088816405569,0.498306557149143,2.99853003360522,0.104201926368115,2.18346154310503,1.86394372808,0.835220877062073,-0.214579313009862,3.939727606962,3.83930377968401,5.80473197985825
"152",-0.0437365261181154,-0.608724824672744,-0.724455039208912,3.75883993572255,1.41044970059544,4.20819984875678,0.754138660145296,1.45253727765174,3.42798752803119,1.47800227900447,-0.349980809277929,3.43591609811078,3.21078556707607,5.3145234312866
"153",1.4775900319508,-0.0360189139534037,-0.605131888383563,3.17135116911974,2.0829721384497,3.65760166585081,-0.066310356777053,2.48317454534095,3.10316256638828,1.48130809140763,-0.287629238708665,3.88985751288561,2.77727360306443,5.30643377096466
"154",2.53357001691908,0.408721764599947,-0.423204111426774,2.39592280388792,2.60821404563119,4.0377533247231,-0.129348470230385,1.85893021205288,3.09979844597426,1.32412456992623,-0.695926631887203,2.68417357599703,3.19719305631635,5.7613717500755
"155",2.08632124036067,0.368335924943145,-0.358342631412184,2.93921862376317,2.75986541056386,4.18206579361132,-0.0643952928373685,1.17183007467048,2.77708502758185,-0.206506372708126,-0.728193269105906,2.98111847757259,1.32071375610518,4.70648037378375
"156",2.6302473018495,-0.443276087243316,-0.476523524126134,3.33773249241733,3.10083405942572,4.27808368510882,0.639141682277806,0.98020134750377,2.97559688633447,0.956638099380801,-0.747778755873346,3.10995480828515,2.15049471867095,5.36807236780441
"157",2.23369469909626,-0.69787099810395,-0.836272050266587,3.60612192804368,0.732973756295762,4.18975117138138,-0.61589052159846,0.878809000321036,4.09733024164316,1.63768787752704,-0.889835983788263,4.0521586675282,2.20759769693452,5.64278405805982
"158",1.88599152139908,-0.0181505026947749,-1.14260763402808,4.27367525481359,0.142143709883875,2.89628083986231,-0.211207661112358,1.11854392538688,3.82340468052754,1.50009225467421,-0.456474445329001,2.38540239519503,2.05403944241816,5.04870680790677
"159",1.94161702392229,1.03160713123337,-0.464341136911613,3.56209237029185,0.963042356294589,3.1762952126915,0.189446349290402,1.82361843324477,3.42624016524473,0.568503357588882,-0.615496691744278,2.84468417550232,1.45619536297438,4.69060459807202
"160",1.10681578722014,1.42294563494722,0,1.90437075675342,1.48325374860032,2.86968884071772,1.13752203081006,1.94316107553653,2.22192141506334,0.0281371498119534,-0.058304486849707,3.35221917688763,0.306051037322958,3.6979657989845
"161",1.12273619691454,0.138143292737103,-0.116422160311883,2.6816607243403,2.06524560706841,2.12354236980881,0.533009967343821,3.01655275274733,3.23754087875889,0.609853379580292,-0.0270549757921534,4.05863762595165,-0.762772064186227,4.25293613877576
"162",2.23309202135974,-0.791258547420521,-0.0673600101409892,2.93649004378382,1.72601435712085,2.33885883663204,1.18935177247096,1.41222109142295,2.02279683168177,1.34276744997041,-0.346054210537795,3.26399448795503,1.36062630219636,3.21539043306444
"163",2.36041391690596,0.374497528398372,-0.0527927003827098,2.37970638530635,1.63766255551648,2.29135560718571,1.19308360061974,1.76902688221691,1.40985857557004,1.29650910656786,-0.111241329066443,3.68186778189386,2.92973764348706,4.62765794032373
"164",2.60974558766428,0.732933585396218,0,1.47899405560576,2.94789479125608,2.09896366566028,1.33920312898576,2.28432608036461,1.88152821935919,1.30126647431835,-0.268319643901928,3.32395503875564,1.4769111549748,6.83202674360272
"165",2.24142934132457,0.748223864919402,-0.236521339706886,1.80375886715359,2.87859290232885,1.91195370813624,0.774189919389682,1.27547247812971,2.31368993164999,1.66723083374543,-0.935487393778585,1.80543381974415,1.48599857106444,5.75588384724035
"166",2.29856172982262,1.46824502189191,-0.434848567641318,-0.498073169043127,2.49991671154627,2.15632338367537,0.447354322776597,2.244304237482,2.94628085880496,1.47171237749512,-0.319323606444234,1.84432840130799,1.52147129979934,7.58958249460404
"167",2.9488113352436,0.508324591874972,-1.00716208288593,1.32171133248359,2.14921343950258,2.62215767949393,0.298081236078411,1.70312817962254,3.42956839359169,2.19884489092277,-0.20700189073558,3.16995654642434,3.78337856345606,6.54984038112034
"168",3.87916848213961,-1.04354981879934,-1.4762123587378,2.10516311410492,1.94848137724285,2.50036239205544,0.172932895196912,0.927366563550207,3.0359584050199,0.844327925502015,-1.14569498755555,3.04266719730319,2.63675427088753,6.36573502420335
"169",3.81203766179972,-0.51180770322687,-0.575790889543861,1.76803507868269,1.42555851790015,2.66343940814544,0.40132152143025,1.48263279924223,1.26519250534174,1.42495807728698,-0.636287820278997,2.5382792738533,0.873943254299835,6.20408166983047
"170",3.66828617368439,-0.217868158932522,-0.0194874012957047,0.989704474883371,1.80756321493967,2.54935609687361,0.694923091072212,0.620979992068971,1.14235641889665,1.35371410725553,-1.0597844874481,2.45552393675689,2.56980820002736,5.76982620539936
"171",3.2405083597236,-0.282732442262872,-0.384872346416141,1.56953133895646,1.58788909012868,3.59815920597007,0.949635416778732,1.63920845470614,1.00526245994453,2.19893100838905,-1.49744967741242,2.556133403038,3.59636283534963,5.55937739510865
"172",2.69515433644802,-0.291351526829958,-0.672922845838302,1.35152437005841,2.53109186249374,3.62615522993687,0.52429825347339,2.52398656533507,1.85741436678352,1.83945074119738,-0.689475489656803,2.26442641337618,3.52713068057917,5.00976172471045
"173",1.95210075914489,-0.806302698793454,-0.688934725221375,2.01404655949838,3.39917612580389,3.79988820609861,1.26907313187314,1.68365577162701,3.04837025743642,2.03835656603347,-1.02165127586773,3.54177532343049,5.88175739546405,4.90933943848138
"174",2.25524377644705,-0.440252619606075,-0.76056182571926,1.8731291568389,1.54440390302859,2.33878835364058,1.82515849897289,0.996238455949582,1.29933364302689,0.915063041081229,-1.07596236080719,3.29063969074836,4.49135624161716,4.38901293328849
"175",1.54268975952384,1.0009573979642,-0.88998780010021,2.11988375905489,1.19087126912385,2.26706604566541,1.41437831288329,2.20105856793519,1.02250596839375,0.895635393432469,-1.42686119826648,3.12163402687307,3.94528424249866,4.89030611158104
"176",1.55404292388515,1.19007413539856,-0.724243731959569,0.437337085704249,0.745377336333972,2.1664140637701,0.996341136612746,1.63832727923446,2.86753698458696,1.36629955212712,-1.69675468396592,3.49241366732617,3.04536965362478,5.6266117743431
"177",1.22999250641908,0.0807461188700713,-0.568469252017941,-0.0385043933051815,0.126479440553861,2.26576946759162,0.968793390234236,1.54810760411185,2.63692945973243,1.7686953620468,-0.419907887059435,3.8670520257451,4.61954966092299,5.30065348627519
"178",1.80854185515715,0.77697254067513,-0.368505558982658,1.34463068940362,2.14629624024367,2.53992692422366,1.91417300772294,0.809265656454304,1.68309637049494,2.05264755698724,0,4.10668896392037,1.73690158862568,5.48691778322185
"179",1.76437635888422,0.964193262984442,-0.241000890083217,1.91463899506413,1.13976172569885,1.50162228144979,0.529336926555046,3.68097182219739,2.6631413640697,1.36745439226913,-0.0495947221295015,3.06575192521608,1.20010344598454,4.82029013915404
"180",1.64125964824334,-1.2190097211448,-0.257115043874616,2.15715977471709,0.449940163840072,2.04582047927075,0.315167229720006,2.41712784559473,2.05396557481644,0.210440620623722,-0.502058797478174,2.21118523376349,2.90505166978006,6.34442620888687
"181",1.14929945107196,-1.04945498470186,-0.37611496774496,2.87931902925853,1.01594003608664,1.94776826573459,0.365848777052342,1.36550290378767,2.02011402134593,0.648167886033976,-0.307487277202909,2.50344147944444,2.70339857620412,7.41186128077447
